编号,隶属关系,被评论者昵称,被评论者ID,昵称,用户ID,评论内容,发布时间,点赞数
0,一级评论,up主,up主,AI课代表呀,1168527940,AI课代表的笔记：这个视频是关于人工智能的演讲，主要讨论了人工智能的机遇和挑战。演讲者介绍了人工智能的基本原理和应用领域，例如监督学习和生成人工智能。他指出了人工智能在广告、汽车、餐厅评论等领域的应用潜力，同时也强调了人工智能对工作和社会的影响。他认为人工智能是一种通用技术，需要不断探索和发展各种具体用例。此外，他还提到了人工智能的风险和关注点，包括对就业的影响和道德问题。 - 0:01 🤖人工智能的机会- 5:14 📝文本生成技术- 10:27 💰人工智能的价值- 15:45 🚀拓展人工智能应用- 20:57 👥运营团队与多样化机会- 26:15 💼初创公司的经历- 31:29 ⚖️人工智能的合理性和风险本内容由大模型自动生成，关注并 @AI课代表呀 总结其它视频吧~（本条由 @LLLLuke_ 召唤）,2023-09-19 18:19,13
编号,隶属关系,被评论者昵称,被评论者ID,昵称,用户ID,评论内容,发布时间,点赞数
1,一级评论,up主,up主,AI视频小助理,1141159409,一、人工智能基金执行合伙人安德鲁博士的演讲，他分享了人工智能的应用和发展，以及监督学习和生成人工智能的重要性。00:05 - 安德鲁博士是人工智能基金的执行普通合伙人01:23 - 人工智能是一种通用技术，对许多不同的应用都很有用03:29 - 监督学习的工作流是给东西贴标签，训练人工智能模型从标记数据中学习二、大型语言模型的进步和应用，以及监督学习的价值和机会。虽然存在短期粉丝的风险，但这些技术仍有很高的通用性和价值。07:22 - 监督学习是调整人工智能输出的核心08:23 - 使用大型语言模型可以更快地构建应用程序11:40 - 监督学习在谷歌等公司每年价值超过千亿美元三、人工智能在各个行业中的多样化应用，以及如何通过开发更好的工具和寻找更多的用例来实现其价值。14:42 - 人工智能可以创造长期价值，但需要多样化的应用程序和工具15:53 - 人工智能应用程序需要更广泛地采用，但目前仍集中在消费软件互联网上18:43 - 低代码和无代码工具的开发，使得更多行业能够定制AI系统，实现价值四、人工智能在不同领域的应用和机会，以及如何建立初创企业。重点强调了应用程序层的重要性，以及团队合作和技术验证的重要性。22:03 - 底层的AI堆栈是硬件半导体层，有很多机会，但非常资本密集型。22:30 - 开发工具层是绝佳的机会，但很集中，有激烈的竞争。24:38 - 应用层有很多令人兴奋的机会，但比赛背景很轻，强度比开发基础设施层低。五、人工智能在金融服务中的应用，以及具体想法的重要性。同时，讨论了人工智能的偏见问题和对工作的干扰，强调了确保人类利益得到保护的重要性。29:28 - 人工智能在金融服务中的应用需要大量学习和劳动32:12 - 人工智能系统偏见问题需要继续努力解决，但已经变得更好36:11 - 人工智能创造了许多新的机会，需要继续构建具体的用例--本内容由AI视频小助理生成，关注解锁AI助理，由@天境的江阿牛 召唤发送,2023-09-14 21:57,62
编号,隶属关系,被评论者昵称,被评论者ID,昵称,用户ID,评论内容,发布时间,点赞数
2,一级评论,up主,up主,我是真大河,336676125,收藏它做啥,2023-09-16 05:06,2
编号,隶属关系,被评论者昵称,被评论者ID,昵称,用户ID,评论内容,发布时间,点赞数
3,一级评论,up主,up主,仓笨笨,7789425,感谢up主分享，然后找了一下商家花了点米购买了一个gpt账号，还有教程和售后，对于我这种纯小白来说简直是福音私信可以推给你,2023-09-14 19:33,1
编号,隶属关系,被评论者昵称,被评论者ID,昵称,用户ID,评论内容,发布时间,点赞数
3,二级评论,仓笨笨,7789425,超正经学术君,412444099,,2023-09-15 10:17,0
编号,隶属关系,被评论者昵称,被评论者ID,昵称,用户ID,评论内容,发布时间,点赞数
3,二级评论,仓笨笨,7789425,不要把名字忘了,397371109,哪里买的,2023-09-15 23:07,0
编号,隶属关系,被评论者昵称,被评论者ID,昵称,用户ID,评论内容,发布时间,点赞数
3,二级评论,仓笨笨,7789425,lx墨离,97118316,不是注册个谷歌账号，改成美区苹果ID，就可以用了,2023-09-16 18:07,0
编号,隶属关系,被评论者昵称,被评论者ID,昵称,用户ID,评论内容,发布时间,点赞数
3,二级评论,仓笨笨,7789425,我G愁心与明月,28860978,,2023-09-21 16:12,0
编号,隶属关系,被评论者昵称,被评论者ID,昵称,用户ID,评论内容,发布时间,点赞数
3,二级评论,仓笨笨,7789425,正统医院骑士,620641975,你感觉如何呀，我也想买，但是有点犹豫，我不知道这玩意儿对学英语有没有什么帮助。,2023-10-04 22:42,0
编号,隶属关系,被评论者昵称,被评论者ID,昵称,用户ID,评论内容,发布时间,点赞数
4,一级评论,up主,up主,比尔_盖茨,99079572,吴恩达也就名气大  有拿的出来手的东西吗,2023-09-19 11:45,0
编号,隶属关系,被评论者昵称,被评论者ID,昵称,用户ID,评论内容,发布时间,点赞数
4,二级评论,比尔_盖茨,99079572,近风臾,694641974,咋不去请你当谷歌brain和百度brain负责人呢？,2023-09-19 14:39,2
编号,隶属关系,被评论者昵称,被评论者ID,昵称,用户ID,评论内容,发布时间,点赞数
4,二级评论,比尔_盖茨,99079572,超正经学术君,412444099,做知识传播也是一件值得称赞的事情呀～,2023-09-19 15:27,1
编号,隶属关系,被评论者昵称,被评论者ID,昵称,用户ID,评论内容,发布时间,点赞数
4,二级评论,比尔_盖茨,99079572,PrestoDB,485899317,你说老师有啥用？,2023-09-23 11:13,0
编号,隶属关系,被评论者昵称,被评论者ID,昵称,用户ID,评论内容,发布时间,点赞数
4,二级评论,比尔_盖茨,99079572,正统医院骑士,620641975,也别这样，我知道你的感觉。你感觉他作为被炒热的人物有点过热了。我现在最害怕的是哪天他出本华人打鸡血刻苦熬夜寒窗十年考名校的狗书。所以我憎恶所有华人知识份子成功，因为他们大部分都有一套学生996专属PUA成功学，工作时候再PUA你：“年轻人熬夜吃苦成功学.”,2023-10-04 22:41,1
编号,隶属关系,被评论者昵称,被评论者ID,昵称,用户ID,评论内容,发布时间,点赞数
5,一级评论,up主,up主,天境的江阿牛,324509045,@AI视频小助理,2023-09-14 21:53,0
编号,隶属关系,被评论者昵称,被评论者ID,昵称,用户ID,评论内容,发布时间,点赞数
6,一级评论,up主,up主,不知名的小法师,279702237,翻译太差了,2023-09-21 07:15,0
